"pathway","n","total","pvalue","fold","pathway_name"
"ath00010",29,120,1,1.05498064663024,"Glycolysis / Gluconeogenesis - Arabidopsis thaliana (thale cress)"
"ath00020",11,64,1,0.750309511612022,"Citrate cycle (TCA cycle) - Arabidopsis thaliana (thale cress)"
"ath00030",13,58,1,0.978460052760505,"Pentose phosphate pathway - Arabidopsis thaliana (thale cress)"
"ath00040",44,109,1,1.7621948162631,"Pentose and glucuronate interconversions - Arabidopsis thaliana (thale cress)"
"ath00051",20,62,1,1.4082055349903,"Fructose and mannose metabolism - Arabidopsis thaliana (thale cress)"
"ath00052",16,65,1,1.07456914670029,"Galactose metabolism - Arabidopsis thaliana (thale cress)"
"ath00053",17,63,1,1.17797510625379,"Ascorbate and aldarate metabolism - Arabidopsis thaliana (thale cress)"
"ath00061",6,43,1,0.609130766298132,"Fatty acid biosynthesis - Arabidopsis thaliana (thale cress)"
"ath00062",11,36,1,1.33388357619915,"Fatty acid elongation - Arabidopsis thaliana (thale cress)"
"ath00071",16,48,1,1.45514571948998,"Fatty acid degradation - Arabidopsis thaliana (thale cress)"
"ath00073",34,65,1,2.28345943673813,"Cutin, suberine and wax biosynthesis - Arabidopsis thaliana (thale cress)"
"ath00100",10,36,1,1.21262143290832,"Steroid biosynthesis - Arabidopsis thaliana (thale cress)"
"ath00130",12,40,1,1.30963114754098,"Ubiquinone and other terpenoid-quinone biosynthesis - Arabidopsis thaliana (thale cress)"
"ath00190",25,169,1,0.645774727584311,"Oxidative phosphorylation - Arabidopsis thaliana (thale cress)"
"ath00195",34,77,1,1.9275956284153,"Photosynthesis - Arabidopsis thaliana (thale cress)"
"ath00196",14,22,1,2.77800546448087,"Photosynthesis - antenna proteins - Arabidopsis thaliana (thale cress)"
"ath00220",6,38,1,0.68927955133736,"Arginine biosynthesis - Arabidopsis thaliana (thale cress)"
"ath00230",12,97,1,0.540054081460199,"Purine metabolism - Arabidopsis thaliana (thale cress)"
"ath00240",8,65,1,0.537284573350147,"Pyrimidine metabolism - Arabidopsis thaliana (thale cress)"
"ath00250",10,51,1,0.855968070288225,"Alanine, aspartate and glutamate metabolism - Arabidopsis thaliana (thale cress)"
"ath00260",13,70,1,0.810724043715847,"Glycine, serine and threonine metabolism - Arabidopsis thaliana (thale cress)"
"ath00261",2,14,1,0.623633879781421,"Monobactam biosynthesis - Arabidopsis thaliana (thale cress)"
"ath00270",34,125,1,1.18739890710383,"Cysteine and methionine metabolism - Arabidopsis thaliana (thale cress)"
"ath00280",12,53,1,0.988400866068667,"Valine, leucine and isoleucine degradation - Arabidopsis thaliana (thale cress)"
"ath00290",6,21,1,1.24726775956284,"Valine, leucine and isoleucine biosynthesis - Arabidopsis thaliana (thale cress)"
"ath00300",4,15,1,1.16411657559199,"Lysine biosynthesis - Arabidopsis thaliana (thale cress)"
"ath00310",5,34,1,0.641976052716168,"Lysine degradation - Arabidopsis thaliana (thale cress)"
"ath00330",9,56,1,0.701588114754098,"Arginine and proline metabolism - Arabidopsis thaliana (thale cress)"
"ath00340",6,21,1,1.24726775956284,"Histidine metabolism - Arabidopsis thaliana (thale cress)"
"ath00350",11,41,1,1.17121484739438,"Tyrosine metabolism - Arabidopsis thaliana (thale cress)"
"ath00360",8,33,1,1.05828779599271,"Phenylalanine metabolism - Arabidopsis thaliana (thale cress)"
"ath00380",19,65,1,1.2760508617066,"Tryptophan metabolism - Arabidopsis thaliana (thale cress)"
"ath00400",11,56,1,0.857496584699454,"Phenylalanine, tyrosine and tryptophan biosynthesis - Arabidopsis thaliana (thale cress)"
"ath00410",11,48,1,1.00041268214936,"beta-Alanine metabolism - Arabidopsis thaliana (thale cress)"
"ath00430",4,11,1,1.58743169398907,"Taurine and hypotaurine metabolism - Arabidopsis thaliana (thale cress)"
"ath00450",3,16,1,0.818519467213115,"Selenocompound metabolism - Arabidopsis thaliana (thale cress)"
"ath00460",32,71,1,1.96752097283152,"Cyanoamino acid metabolism - Arabidopsis thaliana (thale cress)"
"ath00470",2,6,1,1.45514571948998,"D-Amino acid metabolism - Arabidopsis thaliana (thale cress)"
"ath00480",27,102,1,1.1555568948891,"Glutathione metabolism - Arabidopsis thaliana (thale cress)"
"ath00500",71,181,1,1.71240905111252,"Starch and sucrose metabolism - Arabidopsis thaliana (thale cress)"
"ath00510",8,52,1,0.671605716687684,"N-Glycan biosynthesis - Arabidopsis thaliana (thale cress)"
"ath00511",6,18,1,1.45514571948998,"Other glycan degradation - Arabidopsis thaliana (thale cress)"
"ath00513",2,38,1,0.229759850445787,"Various types of N-glycan biosynthesis - Arabidopsis thaliana (thale cress)"
"ath00520",40,124,1,1.4082055349903,"Amino sugar and nucleotide sugar metabolism - Arabidopsis thaliana (thale cress)"
"ath00540",5,10,1,2.18271857923497,"Lipopolysaccharide biosynthesis - Arabidopsis thaliana (thale cress)"
"ath00541",5,30,1,0.727572859744991,"Biosynthesis of various nucleotide sugars - Arabidopsis thaliana (thale cress)"
"ath00561",15,72,1,0.909466074681239,"Glycerolipid metabolism - Arabidopsis thaliana (thale cress)"
"ath00562",21,83,1,1.10450819672131,"Inositol phosphate metabolism - Arabidopsis thaliana (thale cress)"
"ath00563",10,29,1,1.50532315809308,"Glycosylphosphatidylinositol (GPI)-anchor biosynthesis - Arabidopsis thaliana (thale cress)"
"ath00564",30,99,1,1.32285974499089,"Glycerophospholipid metabolism - Arabidopsis thaliana (thale cress)"
"ath00565",9,26,1,1.51111286254729,"Ether lipid metabolism - Arabidopsis thaliana (thale cress)"
"ath00566",2,11,1,0.793715846994536,"Sulfoquinovose metabolism - Arabidopsis thaliana (thale cress)"
"ath00590",5,12,1,1.81893214936248,"Arachidonic acid metabolism - Arabidopsis thaliana (thale cress)"
"ath00591",2,9,1,0.970097146326654,"Linoleic acid metabolism - Arabidopsis thaliana (thale cress)"
"ath00592",14,46,1,1.32861130909955,"alpha-Linolenic acid metabolism - Arabidopsis thaliana (thale cress)"
"ath00600",6,35,1,0.748360655737705,"Sphingolipid metabolism - Arabidopsis thaliana (thale cress)"
"ath00620",21,98,1,0.935450819672131,"Pyruvate metabolism - Arabidopsis thaliana (thale cress)"
"ath00630",22,81,1,1.1856742899548,"Glyoxylate and dicarboxylate metabolism - Arabidopsis thaliana (thale cress)"
"ath00640",9,42,1,0.935450819672131,"Propanoate metabolism - Arabidopsis thaliana (thale cress)"
"ath00650",2,20,1,0.436543715846995,"Butanoate metabolism - Arabidopsis thaliana (thale cress)"
"ath00670",12,46,1,1.1388096935139,"One carbon pool by folate - Arabidopsis thaliana (thale cress)"
"ath00710",20,71,1,1.2297006080197,"Carbon fixation by Calvin cycle - Arabidopsis thaliana (thale cress)"
"ath00730",5,21,1,1.0393897996357,"Thiamine metabolism - Arabidopsis thaliana (thale cress)"
"ath00740",2,20,1,0.436543715846995,"Riboflavin metabolism - Arabidopsis thaliana (thale cress)"
"ath00750",2,15,1,0.582058287795993,"Vitamin B6 metabolism - Arabidopsis thaliana (thale cress)"
"ath00760",3,26,1,0.503704287515763,"Nicotinate and nicotinamide metabolism - Arabidopsis thaliana (thale cress)"
"ath00770",8,36,1,0.970097146326654,"Pantothenate and CoA biosynthesis - Arabidopsis thaliana (thale cress)"
"ath00785",6,36,1,0.727572859744991,"Lipoic acid metabolism - Arabidopsis thaliana (thale cress)"
"ath00790",13,32,1,1.77345884562842,"Folate biosynthesis - Arabidopsis thaliana (thale cress)"
"ath00860",20,57,1,1.53173233630524,"Porphyrin metabolism - Arabidopsis thaliana (thale cress)"
"ath00900",19,61,1,1.35972632804802,"Terpenoid backbone biosynthesis - Arabidopsis thaliana (thale cress)"
"ath00902",5,7,1,3.1181693989071,"Monoterpenoid biosynthesis - Arabidopsis thaliana (thale cress)"
"ath00904",13,25,1,2.27002732240437,"Diterpenoid biosynthesis - Arabidopsis thaliana (thale cress)"
"ath00905",3,9,1,1.45514571948998,"Brassinosteroid biosynthesis - Arabidopsis thaliana (thale cress)"
"ath00906",16,32,1,2.18271857923497,"Carotenoid biosynthesis - Arabidopsis thaliana (thale cress)"
"ath00908",17,32,1,2.31913849043716,"Zeatin biosynthesis - Arabidopsis thaliana (thale cress)"
"ath00909",14,23,1,2.6572226181991,"Sesquiterpenoid and triterpenoid biosynthesis - Arabidopsis thaliana (thale cress)"
"ath00910",20,43,1,2.03043588766044,"Nitrogen metabolism - Arabidopsis thaliana (thale cress)"
"ath00920",5,40,1,0.545679644808743,"Sulfur metabolism - Arabidopsis thaliana (thale cress)"
"ath00940",59,132,1,1.95121812386157,"Phenylpropanoid biosynthesis - Arabidopsis thaliana (thale cress)"
"ath00941",7,25,1,1.22232240437158,"Flavonoid biosynthesis - Arabidopsis thaliana (thale cress)"
"ath00945",2,9,1,0.970097146326654,"Stilbenoid, diarylheptanoid and gingerol biosynthesis - Arabidopsis thaliana (thale cress)"
"ath00950",5,22,1,0.992144808743169,"Isoquinoline alkaloid biosynthesis - Arabidopsis thaliana (thale cress)"
"ath00960",17,40,1,1.85531079234973,"Tropane, piperidine and pyridine alkaloid biosynthesis - Arabidopsis thaliana (thale cress)"
"ath00966",10,26,1,1.67901429171921,"Glucosinolate biosynthesis - Arabidopsis thaliana (thale cress)"
"ath00970",14,713,1,0.0857168586515838,"Aminoacyl-tRNA biosynthesis - Arabidopsis thaliana (thale cress)"
"ath00999",35,70,1,2.18271857923497,"Biosynthesis of various plant secondary metabolites - Arabidopsis thaliana (thale cress)"
"ath01040",7,25,1,1.22232240437158,"Biosynthesis of unsaturated fatty acids - Arabidopsis thaliana (thale cress)"
"ath01100",707,2460,1,1.25461954107246,"Metabolic pathways - Arabidopsis thaliana (thale cress)"
"ath01110",440,1377,1,1.39491092935859,"Biosynthesis of secondary metabolites - Arabidopsis thaliana (thale cress)"
"ath01200",71,279,1,1.11091769982569,"Carbon metabolism - Arabidopsis thaliana (thale cress)"
"ath01210",23,103,1,0.974806355774842,"2-Oxocarboxylic acid metabolism - Arabidopsis thaliana (thale cress)"
"ath01212",13,70,1,0.810724043715847,"Fatty acid metabolism - Arabidopsis thaliana (thale cress)"
"ath01230",45,242,1,0.811754843517139,"Biosynthesis of amino acids - Arabidopsis thaliana (thale cress)"
"ath01232",13,84,1,0.675603369763206,"Nucleotide metabolism - Arabidopsis thaliana (thale cress)"
"ath01240",54,244,1,0.966121338349906,"Biosynthesis of cofactors - Arabidopsis thaliana (thale cress)"
"ath01250",29,101,1,1.25344235243196,"Biosynthesis of nucleotide sugars - Arabidopsis thaliana (thale cress)"
"ath02010",33,68,1,2.11852097396336,"ABC transporters - Arabidopsis thaliana (thale cress)"
"ath03008",13,98,1,0.579088602654176,"Ribosome biogenesis in eukaryotes - Arabidopsis thaliana (thale cress)"
"ath03010",46,396,1,0.507096235579842,"Ribosome - Arabidopsis thaliana (thale cress)"
"ath03013",18,106,1,0.7413006495515,"Nucleocytoplasmic transport - Arabidopsis thaliana (thale cress)"
"ath03015",22,119,1,0.807055609128898,"mRNA surveillance pathway - Arabidopsis thaliana (thale cress)"
"ath03018",18,114,1,0.68927955133736,"RNA degradation - Arabidopsis thaliana (thale cress)"
"ath03020",13,52,1,1.09135928961749,"RNA polymerase - Arabidopsis thaliana (thale cress)"
"ath03022",14,55,1,1.11120218579235,"Basal transcription factors - Arabidopsis thaliana (thale cress)"
"ath03030",5,43,1,0.50760897191511,"DNA replication - Arabidopsis thaliana (thale cress)"
"ath03040",25,243,1,0.449119049225303,"Spliceosome - Arabidopsis thaliana (thale cress)"
"ath03050",6,61,1,0.429387261488847,"Proteasome - Arabidopsis thaliana (thale cress)"
"ath03060",10,62,1,0.704102767495152,"Protein export - Arabidopsis thaliana (thale cress)"
"ath03082",9,64,1,0.613889600409836,"ATP-dependent chromatin remodeling - Arabidopsis thaliana (thale cress)"
"ath03083",21,69,1,1.32861130909955,"Polycomb repressive complex - Arabidopsis thaliana (thale cress)"
"ath03250",9,39,1,1.00740857503153,"Viral life cycle - HIV-1 - Arabidopsis thaliana (thale cress)"
"ath03272",3,12,1,1.09135928961749,"Virion - Hepatitis viruses - Arabidopsis thaliana (thale cress)"
"ath03410",18,50,1,1.57155737704918,"Base excision repair - Arabidopsis thaliana (thale cress)"
"ath03420",25,85,1,1.28395210543234,"Nucleotide excision repair - Arabidopsis thaliana (thale cress)"
"ath03430",6,32,1,0.818519467213115,"Mismatch repair - Arabidopsis thaliana (thale cress)"
"ath03440",20,60,1,1.45514571948998,"Homologous recombination - Arabidopsis thaliana (thale cress)"
"ath03460",14,46,1,1.32861130909955,"Fanconi anemia pathway - Arabidopsis thaliana (thale cress)"
"ath04016",38,148,1,1.12085548663418,"MAPK signaling pathway - plant - Arabidopsis thaliana (thale cress)"
"ath04070",23,79,1,1.27095005879505,"Phosphatidylinositol signaling system - Arabidopsis thaliana (thale cress)"
"ath04075",130,434,1,1.30761942534814,"Plant hormone signal transduction - Arabidopsis thaliana (thale cress)"
"ath04081",4,8,1,2.18271857923497,"Hormone signaling - Arabidopsis thaliana (thale cress)"
"ath04082",3,9,1,1.45514571948998,"Neuroactive ligand signaling - Arabidopsis thaliana (thale cress)"
"ath04120",41,163,1,1.09805474538201,"Ubiquitin mediated proteolysis - Arabidopsis thaliana (thale cress)"
"ath04130",15,55,1,1.1905737704918,"SNARE interactions in vesicular transport - Arabidopsis thaliana (thale cress)"
"ath04136",6,41,1,0.638844462215114,"Autophagy - other - Arabidopsis thaliana (thale cress)"
"ath04141",36,223,1,0.704734249797839,"Protein processing in endoplasmic reticulum - Arabidopsis thaliana (thale cress)"
"ath04142",40,193,1,0.904753815226932,"Lysosome biogenesis - Arabidopsis thaliana (thale cress)"
"ath04144",32,156,1,0.895474288916912,"Endocytosis - Arabidopsis thaliana (thale cress)"
"ath04145",28,144,1,0.848835003035823,"Phagocytosis - Arabidopsis thaliana (thale cress)"
"ath04146",24,90,1,1.16411657559199,"Peroxisome - Arabidopsis thaliana (thale cress)"
"ath04148",11,53,1,0.906034127229611,"Efferocytosis - Arabidopsis thaliana (thale cress)"
"ath04156",14,97,1,0.630063095036899,"Integrated stress response (ISR) signaling pathway - Arabidopsis thaliana (thale cress)"
"ath04382",8,35,1,0.997814207650273,"Cornified envelope formation - Arabidopsis thaliana (thale cress)"
"ath04517",13,50,1,1.13501366120219,"IgSF CAM signaling - Arabidopsis thaliana (thale cress)"
"ath04518",4,14,1,1.24726775956284,"Integrin signaling - Arabidopsis thaliana (thale cress)"
"ath04519",16,65,1,1.07456914670029,"Cadherin signaling - Arabidopsis thaliana (thale cress)"
"ath04620",5,15,1,1.45514571948998,"Toll-like receptor signaling pathway - Arabidopsis thaliana (thale cress)"
"ath04626",83,220,1,1.64696038251366,"Plant-pathogen interaction - Arabidopsis thaliana (thale cress)"
"ath04712",7,43,1,0.710652560681154,"Circadian rhythm - plant - Arabidopsis thaliana (thale cress)"
"ath04814",23,82,1,1.2244518859123,"Motor proteins - Arabidopsis thaliana (thale cress)"
"ath04981",21,40,1,2.29185450819672,"Folate transport and metabolism - Arabidopsis thaliana (thale cress)"
"ath05100",10,26,1,1.67901429171921,"Bacterial invasion of epithelial cells - Arabidopsis thaliana (thale cress)"
