"","Unknown","Epidermis","Anther","Tapetum","Male_meiocyte","Gynoecium","Vascular","Pollen","Developing_ovule","Guard_cells","Stele","Meristematic","Seed_coat","Mesophyll","Phloem","Trichoblast","Phloem_parenchyma"
"AT1G29410",0.0095436682973775,0.0147338403041825,0.00714285714285714,0.011142061281337,0.00858369098712446,0.00485436893203883,0.00624609618988132,0,0,0.019578313253012,0.0198061525495154,0.00904522613065327,0,0.0040551500405515,0.00207900207900208,0,0
"AT5G51620",0.0348865185660438,0.0679657794676806,0.0255102040816327,0.0278551532033426,0.0386266094420601,0.029126213592233,0.0306058713304185,0.0351758793969849,0.0434782608695652,0.0698795180722892,0.0598398651495997,0.0603015075376884,0.0204081632653061,0.0170316301703163,0.0623700623700624,0.0116731517509728,0
"AT5G35450",0.0141952041061833,0.0377851711026616,0.0173469387755102,0.0167130919220056,0.00429184549356223,0.00485436893203883,0.0218613366645846,0.0251256281407035,0,0.0430722891566265,0.0434049726085124,0.0301507537688442,0.0204081632653061,0.016220600162206,0.0207900207900208,0.0350194552529183,0.0833333333333333
"AT3G43740",0.0118694362017804,0.0251901140684411,0.0153061224489796,0.0167130919220056,0.00858369098712446,0.0388349514563107,0.0131168019987508,0.0150753768844221,0,0.0262048192771084,0.0240202275600506,0.0175879396984925,0,0.0064882400648824,0.00207900207900208,0.00389105058365759,0
"AT5G17890",0.101211003288155,0.180846007604563,0.146938775510204,0.122562674094708,0.133047210300429,0.0825242718446602,0.0999375390381012,0.175879396984925,0.130434782608696,0.233734939759036,0.153392330383481,0.12964824120603,0.0204081632653061,0.08110300081103,0.0956340956340956,0.1284046692607,0.166666666666667
"AT3G47680",0.105782340203705,0.195579847908745,0.169387755102041,0.261838440111421,0.244635193133047,0.0533980582524272,0.122423485321674,0.155778894472362,0.347826086956522,0.219578313253012,0.155499367888748,0.160804020100503,0.0204081632653061,0.0916463909164639,0.25987525987526,0.124513618677043,0
"AT1G05090",0.00160397786510546,0.00499049429657795,0.00204081632653061,0,0,0.00485436893203883,0.00687070580886946,0,0,0.00512048192771084,0.00294985250737463,0.00552763819095477,0,0.0048661800486618,0.00623700623700624,0.00389105058365759,0
"AT2G41440",0.012029833988291,0.0261406844106464,0.0244897959183673,0.0139275766016713,0.0472103004291846,0.0388349514563107,0.0156152404747033,0.0402010050251256,0,0.0201807228915663,0.0210703750526759,0.0185929648241206,0.0204081632653061,0.0105433901054339,0.0187110187110187,0.00389105058365759,0
"AT1G62590",0.00400994466276365,0.0104562737642586,0.0102040816326531,0.0278551532033426,0.00429184549356223,0.00485436893203883,0.00687070580886946,0.0050251256281407,0,0.0144578313253012,0.00632111251580278,0.00954773869346734,0,0.0089213300892133,0.00207900207900208,0.00778210116731518,0
"AT2G07718",0.14403721228647,0.211264258555133,0.488775510204082,0.158774373259053,0.218884120171674,0.364077669902913,0.253591505309182,0.467336683417085,0.217391304347826,0.197289156626506,0.148335440370839,0.239195979899497,0.428571428571429,0.16139497161395,0.253638253638254,0.214007782101167,0.166666666666667
"AT1G23960",0.0182853476622023,0.0563212927756654,0.0306122448979592,0.00835654596100279,0.0171673819742489,0.0679611650485437,0.0306058713304185,0.0251256281407035,0,0.0397590361445783,0.0337126000842815,0.0407035175879397,0.0204081632653061,0.0113544201135442,0.0166320166320166,0.0233463035019455,0
"AT5G46510",0.0651215013232817,0.120009505703422,0.110204081632653,0.197771587743733,0.0858369098712446,0.0776699029126214,0.0449718925671455,0.110552763819095,0.0434782608695652,0.158433734939759,0.10661609776654,0.0552763819095477,0,0.0356853203568532,0.0457380457380457,0.0544747081712062,0
"AT2G01440",0.0162001764375652,0.0297053231939164,0.0244897959183673,0.011142061281337,0.0257510729613734,0.0242718446601942,0.0224859462835728,0.0150753768844221,0,0.0283132530120482,0.0261272650653182,0.021105527638191,0,0.0097323600973236,0.00207900207900208,0.0116731517509728,0
"AT5G51630",0.0152377897185019,0.0356463878326996,0.0142857142857143,0.0222841225626741,0.0343347639484979,0.0194174757281553,0.0231105559025609,0.0050251256281407,0,0.0283132530120482,0.0290771175726928,0.0346733668341709,0.0408163265306122,0.008110300081103,0.0665280665280665,0.0194552529182879,0
"AT4G36140",0.107145721389045,0.195579847908745,0.109183673469388,0.175487465181058,0.214592274678112,0.0533980582524272,0.110555902560899,0.155778894472362,0.304347826086957,0.240361445783133,0.159713442899284,0.145226130653266,0.0612244897959184,0.104622871046229,0.147609147609148,0.190661478599222,0
"AT3G03305",0.0268666292405165,0.0510931558935361,0.191836734693878,0.0557103064066852,0.0472103004291846,0.0485436893203883,0.0256089943785134,0.0703517587939698,0,0.047289156626506,0.0375052675937632,0.0341708542713568,0.0204081632653061,0.0137875101378751,0.0415800415800416,0.0233463035019455,0
"AT5G56380",0.049643114925014,0.061074144486692,0.0387755102040816,0.0334261838440111,0.0343347639484979,0.0194174757281553,0.0224859462835728,0.0351758793969849,0.0434782608695652,0.104819277108434,0.089338390223346,0.0482412060301508,0.0204081632653061,0.0113544201135442,0.0145530145530146,0.0194552529182879,0.0833333333333333
"AT5G05400",0.0283102093191114,0.0698669201520913,0.0153061224489796,0.0306406685236769,0.0171673819742489,0,0.023735165521549,0.0050251256281407,0,0.0545180722891566,0.0442477876106195,0.0301507537688442,0.142857142857143,0.0235198702351987,0.422037422037422,0.0194552529182879,0
"AT4G12990",0.0273478226000481,0.0423003802281369,0.00612244897959184,0.00835654596100279,0.00858369098712446,0.0339805825242718,0.014366021236727,0.0150753768844221,0,0.0596385542168675,0.0358196375895491,0.0321608040201005,0.0408163265306122,0.0170316301703163,0.0103950103950104,0.0116731517509728,0.0833333333333333
"AT5G17880",0.0340845296334911,0.0667775665399239,0.0163265306122449,0.00835654596100279,0.00429184549356223,0.0145631067961165,0.0306058713304185,0.0150753768844221,0,0.0762048192771084,0.04551201011378,0.0447236180904523,0,0.0251419302514193,0.0187110187110187,0.0116731517509728,0
