study_id,source,title,assay_type,platform,organism,download_status,has_expression_data,n_genes,n_samples,gene_id_type,expr_file,notes
OSD-678,OSDR,Light has a principal role in the Arabidopsis transcriptomic response to the spaceflight environment,RNA-seq,Illumina,Arabidopsis thaliana,success,True,32833,36,AGI,GLDS-612_rna_seq_STAR_Unnormalized_Counts_GLbulkRNAseq.csv,
OSD-120,OSDR,Genetic dissection of the Arabidopsis spaceflight transcriptome: Are some responses dispensable for the physiological adaptation of plants to spaceflight?,RNA-seq,Illumina     CARA,Arabidopsis thaliana,success,True,32833,36,AGI,GLDS-120_rna_seq_STAR_Unnormalized_Counts_GLbulkRNAseq.csv,
OSD-205,OSDR,HSFA2 functions in the physiological adaptation of undifferentiated plant cells to spaceflight microgravity environment,microarray,Affymetrix,Arabidopsis thaliana,success,True,22810,18,AGI,GLDS-205_array_normalized_expression_probeset.csv,
OSD-615,OSDR,Glycome profiling and immunohistochemistry uncover changes in cell walls of Arabidopsis thaliana roots during spaceflight: Advanced Plant EXperiment (APEX) 03-1 Raw Dataset,RNA-seq,Thermo Fisher Scientific,Arabidopsis thaliana,success,False,0,0,,,Non-transcriptomics (glycomics) - excluded
OSD-7,OSDR,"The Arabidopsis spaceflight transcriptome: a comparison of whole plants to discrete root, hypocotyl and shoot responses to the orbital environment",RNA-seq,Affymetrix,Arabidopsis thaliana,success,False,0,0,,,Only raw CEL files - needs RMA processing
OSD-147,OSDR,Arg1 functions in the physiological adaptation of undifferentiated plant cells to spaceflight,microarray,Affymetrix,Arabidopsis thaliana,success,True,22810,20,AGI,GLDS-147_array_normalized_expression_probeset.csv,
OSD-44,OSDR,Transcriptomics analysis of etiolated Arabidopsis thaliana seedlings in response to microgravity,microarray,Affymetrix,Arabidopsis thaliana,success,True,22810,14,AGI,GLDS-44_array_normalized_expression_probeset_GLmicroarray.csv,
OSD-223,OSDR,The effect of spaceflight on transgenic Arabidopsis plants with compromised signaling,RNA-seq,Illumina,Arabidopsis thaliana,success,True,32833,40,AGI,GLDS-223_rna_seq_STAR_Unnormalized_Counts.csv,
OSD-625,OSDR,Single-molecule long-read methylation profiling reveals regional DNA methylation regulated by Elongator Complex Subunit 2 in Arabidopsis roots experiencing spaceflight,RNA-seq,Pacific Biosciences,Arabidopsis thaliana,success,False,0,0,,,Non-transcriptomics (methylation) - excluded
OSD-624,OSDR,Arabidopsis transcriptome in Virgin Galactic human-tended suborbital spaceflight,RNA-seq,Illumina,Arabidopsis thaliana,success,True,32833,36,AGI,GLDS-611_rna_seq_STAR_Unnormalized_Counts_GLbulkRNAseq.csv,
OSD-416,OSDR,Characterizing Epigenetic Changes in Methylation Mutants (elp2-5 and met1-7) in Response to Spaceflight. [Bisulfite-Seq],RNA-seq,Illumina,Arabidopsis thaliana,success,False,0,0,,,Non-transcriptomics (methylation) - excluded
OSD-17,OSDR,Transcription profiling by array of the response of Arabidopsis cultivar Columbia etiolated seedlings and undifferentiated tissue culture cells to the spaceflight environment,microarray,Affymetrix,Arabidopsis thaliana,success,True,22810,26,AGI,GLDS-17_array_normalized_expression_probeset_GLmicroarray.csv,
OSD-437,OSDR,Transcriptional and Post transcriptional Regulation of Seedling Development in Microgravity,RNA-seq,Illumina,Arabidopsis thaliana,success,True,23392,19,AGI,GLDS-437_rna_seq_Normalized_Counts_GLbulkRNAseq.csv,
OSD-522,OSDR,Integrative Transcriptomics and Proteomics Profiling of Arabidopsis thaliana Elucidates Novel Mechanisms Underlying Spaceflight Adaptation,RNA-seq,LTQ Orbitrap Velos(Thermo Scientific)     Illumina,Arabidopsis thaliana,success,True,32833,12,AGI,GLDS-522_rna_seq_STAR_Unnormalized_Counts_GLbulkRNAseq.csv,
OSD-217,OSDR,Characterization of Epigenetic Regulation in an Extraterrestrial Environment: The Arabidopsis Spaceflight Methylome,RNA-seq,Illumina     Illumina,Arabidopsis thaliana,success,True,32833,12,AGI,GLDS-217_rna_seq_Unnormalized_Counts.csv,
OSD-38,OSDR,Proteomics and Transcriptomics analysis of Arabidopsis Seedlings in Microgravity,RNA-seq,LTQ-Orbitrap Velos Pro     Illumina,Arabidopsis thaliana,success,True,32833,12,AGI,GLDS-38_rna_seq_Unnormalized_Counts.csv,
OSD-281,OSDR,"During development, the Sku5 mutant roots engage different genes than wild type WS roots, either on the ground or in spaceflight.",RNA-seq,Illumina,Arabidopsis thaliana,success,True,24787,32,AGI,GLDS-281_rna_seq_Normalized_Counts_GLbulkRNAseq.csv,
OSD-251,OSDR,RNAseq analysis of the response of Arabidopsis thaliana to fractional gravity under blue-light stimulation during spaceflight,RNA-seq,Illumina HiSeq2500,Arabidopsis thaliana,success,True,32833,20,AGI,GLDS-251_rna_seq_Unnormalized_Counts.csv,
OSD-427,OSDR,Characterizing Epigenetic Changes in Methylation Mutants (elp2-5 and met1-7) in Response to Spaceflight. [RNA-Seq],RNA-seq,Illumina,Arabidopsis thaliana,success,True,32925,48,AGI,GLDS-427_rna_seq_STAR_Unnormalized_Counts.csv,
OSD-436,OSDR,"Arabidopsis thaliana in altered gravity: WS in C-9 parabolic flight, 2015",microarray,Affymetrix,Arabidopsis thaliana,success,False,0,0,,,Only raw CEL files - needs RMA processing
OSD-193,OSDR,"During development, the Sku6 mutant roots engage different genes than wild type Col-0 roots, either on the ground or in spaceflight",RNA-seq,Illumina,Arabidopsis thaliana,success,True,32833,32,AGI,GLDS-193_rna_seq_STAR_Unnormalized_Counts_GLbulkRNAseq.csv,
OSD-37,OSDR,Comparison of the spaceflight transcriptome of four commonly used Arabidopsis thaliana ecotypes,RNA-seq,Illumina,Arabidopsis thaliana,success,True,32833,56,AGI,GLDS-37_rna_seq_STAR_Unnormalized_Counts_GLbulkRNAseq.csv,
OSD-450,OSDR,"Arabidopsis thaliana in altered gravity: the 14-3-3κ:GFP overexpression line in C-9 parabolic flight, 2013",microarray,Affymetrix,Arabidopsis thaliana,success,True,38408,18,AGI,GLDS-450_array_normalized_expression_probeset.csv,
OSD-321,OSDR,Relevance of Unfolded Protein Response to Spaceflight-Induced Transcriptional Reprogramming in Arabidopsis,RNA-seq,,Arabidopsis thaliana,success,True,25519,44,AGI,GLDS-321_rna_seq_Normalized_Counts.csv,
OSD-218,OSDR,Plant development on ISS differs from the development on the ground and is influenced by the genetic background,RNA-seq,Illumina,Arabidopsis thaliana,success,True,24953,32,AGI,GLDS-218_rna_seq_Normalized_Counts.csv,
OSD-314,OSDR,Adaptive response of Arabidopsis seedlings in microgravity and Mars reduced gravity environment is enhanced by red light photostimulation,RNA-seq,Illumina,Arabidopsis thaliana,success,True,32833,17,AGI,GLDS-314_rna_seq_RSEM_Unnormalized_Counts.csv,
OSD-208,OSDR,Comparing RNA-Seq and microarray gene expression data in two zones of the Arabidopsis root apex relevant to spaceflight.,RNA-seq,Illumina     Affymetrix,Arabidopsis thaliana,success,True,32833,6,AGI,GLDS-208_rna_seq_STAR_Unnormalized_Counts_GLbulkRNAseq.csv,
OSD-434,OSDR,"Arabidopsis thaliana in altered gravity: the 14-3-3k:GFP overexpression line on the F-104 Starfighter, first flight",microarray,Affymetrix,Arabidopsis thaliana,success,True,38408,12,AGI,GLDS-434_array_normalized_expression_probeset.csv,
OSD-428,OSDR,"Profiling the response of Arabidopsis thaliana to altered gravity environments: Exposure of the 14-3-3k:GFP overexpression line on the F-104 Starfighter, second flight",microarray,Affymetrix,Arabidopsis thaliana,success,True,38408,12,AGI,GLDS-428_array_normalized_expression_probeset.csv,
OSD-346,OSDR,"RNAseq analysis of the response of Arabidopsis thaliana phytochrome mutants (PhyA, PhyB) to fractional gravity under blue-light stimulation during spaceflight",RNA-seq,Illumina,Arabidopsis thaliana,success,True,25088,36,AGI,GLDS-346_rna_seq_Normalized_Counts_GLbulkRNAseq.csv,
OSD-313,OSDR,Dissecting transcriptional responses of nucleolin mutants to red light stimulation and darkness in ground reference conditions,RNA-seq,Illumina,Arabidopsis thaliana,success,True,24004,18,AGI,GLDS-313_rna_seq_Normalized_Counts_GLbulkRNAseq.csv,
OSD-121,OSDR,"Biological Research in Canisters-16 (BRIC-16): Transcriptomics, Glycomics, and Morphometric photography.",microarray,Affymetrix     photography     Thermo Fisher Scientific,Arabidopsis thaliana,success,True,22810,8,AGI,GLDS-121_array_normalized_expression_probeset_GLmicroarray.csv,
OSD-134,OSDR,Dissecting Low Atmospheric Pressure Stress: Transcriptome Responses to the Components of Hypobaria in Arabidopsis [Experiment 1],microarray,Affymetrix,Arabidopsis thaliana,success,False,0,0,,,Only raw CEL files - needs RMA processing
OSD-144,OSDR,Gravitational signature of synchronized cell cultures in particular cell cycle stages,microarray,Nimblegen,Arabidopsis thaliana,success,False,0,0,,,No processed expression files available
OSD-565,OSDR,Utilizing the KSC Fixation Tube to Conduct Human-Tended Plant Biology Experiments on a Suborbital Spaceflight,RNA-seq,Illumina,Arabidopsis thaliana,success,True,25599,45,AGI,GLDS-558_rna_seq_Normalized_Counts.csv,
OSD-782,OSDR,Multi-omics profiling reveals ethylene signalling as a key pathway underlying both genetic and epigenetic responses to low-dose ionizing radiation in Arabidopsis,RNA-seq,Illumina,Arabidopsis thaliana,success,True,32833,36,AGI,GLDS-679_rna_seq_STAR_Unnormalized_Counts_GLbulkRNAseq.csv,
OSD-406,OSDR,Transcriptomic responses of Arabidopsis thaliana lines WS and sku5 to the Blue Origin NS-12 and Virgin Galactic VP-03 suborbital flights,RNA-seq,Illumina,Arabidopsis thaliana,success,True,32925,24,AGI,GLDS-406_rna_seq_STAR_Unnormalized_Counts_GLbulkRNAseq.csv,
OSD-22,OSDR,Root transcriptome remodeling of Arabidopsis in response to high levels of magnesium sulfate,microarray,Agilent,Arabidopsis thaliana,success,True,39102,23,AGI,GLDS-22_array_normalized_expression.csv,
OSD-136,OSDR,Dissecting Low Atmospheric Pressure Stress: Transcriptome Responses to the Components of Hypobaria in Arabidopsis [Experiment 2],microarray,Affymetrix,Arabidopsis thaliana,success,True,22810,11,AGI,GLDS-136_array_normalized_expression_probeset_GLmicroarray.csv,
OSD-480,OSDR,Plant Gravity Perception (PGP) Flight Study,RNA-seq,Illumina,Arabidopsis thaliana,success,False,0,0,,,No processed expression files available
OSD-658,OSDR,Simulated Galactic Cosmic Ray Exposure Activates Dose-Dependent DNA Repair Response and Downregulates Glucosinolate Pathway in Arabidopsis Seedlings,RNA-seq,Illumina,Arabidopsis thaliana,success,True,32833,14,AGI,GLDS-603_rna_seq_STAR_Unnormalized_Counts_GLbulkRNAseq.csv,
GSE56658,GEO (federated via OSDR),,,GPL198,Arabidopsis thaliana,success,True,22809,24,probe,series_matrix,
GSE56659,GEO (federated via OSDR),,,GPL198,Arabidopsis thaliana,success,True,22809,36,probe,series_matrix,
GSE94983,GEO (federated via OSDR),,,,Arabidopsis thaliana,no_expr_files,False,0,0,,,No expression files in 20 suppl files
GSE81442,GEO (federated via OSDR),,,GPL198,Arabidopsis thaliana,success,True,22809,18,probe,series_matrix,
GSE95594,GEO (federated via OSDR),,,,Arabidopsis thaliana,no_expr_files,False,0,0,,,No expression files in 16 suppl files
GSE95586,GEO (federated via OSDR),,,,Arabidopsis thaliana,no_expr_files,False,0,0,,,No expression files in 2 suppl files
GSE115555,GEO (federated via OSDR),,,,Arabidopsis thaliana,success,False,7,1,probe,supplementary,Parsing error - expression matrix too small
GSE95388,GEO (federated via OSDR),,,GPL198,Arabidopsis thaliana,success,True,22809,16,probe,series_matrix,
GSE115554,GEO (federated via OSDR),,,,Arabidopsis thaliana,no_expr_files,False,0,0,,,No expression files in 2 suppl files
GSE115486,GEO (federated via OSDR),,,GPL198,Arabidopsis thaliana,success,True,22809,6,probe,series_matrix,
GSE159864,GEO (federated via OSDR),"Arabidopsis thaliana in altered gravity: WS in C-9 parabolic flight, 2015",microarray,,Arabidopsis thaliana,success,True,38407,21,probe,series_matrix,
